image,questions,Groundtruth_answers
datasett/datasetUML1.png,Which classes are present in the diagram?,"['User', 'Employee', 'Passenger', 'Airline Enquiry', 'Airline', 'Role', 'Permission', 'Reservation']"
datasett/datasetUML1.png,How many entities are defined in the diagram?,8
datasett/datasetUML1.png,What attributes are present in the 'Reservation' entity?,"The 'Reservation' entity has the following attributes: reservation_id (integer, a unique identifier), reservation_description (string, describes the reservation), reservation_type (string, specifies the type), reservation_date (date, stores the reservation date), and reservation_password_id (integer, a secure password reference)."
datasett/datasetUML1.png,What is the cardinality relationship between the 'User' and 'Employee' entities?,"The cardinality between 'User' and 'Employee' is 1-to-many, meaning a single User can have multiple Employees associated, but each Employee is tied to only one User."
datasett/datasetUML1.png,Which entity handles 'airline inquiries'?,"The entity that specifically manages 'airline inquiries' is the 'Airline Enquiry' class, which contains attributes such as airline enquiry_id, airline enquiry_type, title, description, and date. It also includes methods for adding, editing, deleting, and searching inquiries."
datasett/datasetUML2.png,Which classes are shown in the diagram?,"['ATM', 'Bank', 'Customer', 'Saving Account', 'Checking Account', 'Debit Card', 'ATM Transaction']"
datasett/datasetUML2.png,What are the private methods of the 'ATM' class?,Not explicitly shown in the diagram; details regarding private methods are absent.
datasett/datasetUML2.png,What is the cardinality relationship between the 'Customer' and 'Account' entities?,"The cardinality is 1-to-many: a single Customer can be associated with multiple Accounts, but each Account is tied to a single Customer."
datasett/datasetUML2.png,What attributes are defined in the 'ATM Transaction' entity?,"The 'ATM Transaction' entity has attributes like transaction_id (a unique identifier for the transaction), date (the date of the transaction), type (withdrawal, deposit, etc.), and amount (the monetary value involved)."
datasett/datasetUML2.png,"What parameters must be passed to the method that processes ATM transactions, and what are their data types?","{'account_number': 'int', 'amount': 'float'}"
datasett/datasetUML3.png,List all the classes present in the diagram.,"['Bank', 'ATM', 'Customer', 'Saving Account', 'Checking Account', 'ATM Transactions']"
datasett/datasetUML3.png,How are the 'Customer' and 'Account' classes connected (directly or indirectly)?,"The connection between 'Customer' and 'Account' classes is direct, through an association where each Customer owns one or more Accounts."
datasett/datasetUML3.png,What attributes are shared between the 'ATM' and 'Bank' entities?,There are no explicitly shared attributes between the 'ATM' and 'Bank' entities in the diagram.
datasett/datasetUML3.png,Which intermediate class establishes an indirect connection between the 'ATM' and 'Debit Card' entities?,"The 'Customer' class serves as an intermediary, linking the 'ATM' and 'Debit Card' entities through ownership relationships."
datasett/datasetUML3.png,What are the public methods of the 'Bank' class?,['getAccounts']
datasett/datasetUML4.png,Which classes represent car components in the diagram?,"['Engine', 'Suspension', 'Wheel', 'Tire', 'Gear Box', 'Brake']"
datasett/datasetUML4.png,What private methods are present in the 'Gear Box' class?,Not explicitly shown in the diagram.
datasett/datasetUML4.png,What is the relationship between the 'Suspension' and 'Wheel' classes?,"The 'Suspension' and 'Wheel' classes share an Aggregation relationship, indicating that a Suspension can have one or more Wheels associated with it."
datasett/datasetUML4.png,What attributes define the 'Tire' class?,"The 'Tire' class includes attributes like width (float, the tire's width in units) and air_pressure (float, the current air pressure within the tire)."
datasett/datasetUML4.png,How is the 'Car' entity linked to the 'Engine' entity (directly or via an intermediate class)?,The 'Car' entity is directly linked to the 'Engine' entity.
datasett/datasetUML5.png,Which classes handle the management of 'Rooms' in this system?,"['Rooms', 'Manager', 'Receptionist']"
datasett/datasetUML5.png,How is the 'Inventory' entity connected to the 'Rooms' entity?,"The 'Inventory' entity is associated with the 'Rooms' entity, likely representing items or assets within the rooms."
datasett/datasetUML5.png,What attributes describe the 'Manager' entity?,"Attributes of the 'Manager' entity include name (string, representing the manager's name) and phone_number (integer, representing the contact number)."
datasett/datasetUML5.png,How many direct relationships are present between the 'Guest' and 'Rooms' classes?,1
datasett/datasetUML5.png,Which public methods are defined in the 'Receptionist' entity?,"['checkRoomAvailability', 'generateBill']"
datasett/datasetUML6.png,What are the three main subsystems in this online shopping system?,"['WebStore', 'Warehouses', 'Accounts']"
datasett/datasetUML6.png,Which component is responsible for handling user authentication?,The 'Authentication' component within the WebStore subsystem is responsible for managing user authentication. It ensures secure login and session management for users accessing the online shopping system.
datasett/datasetUML6.png,What is the relationship between the 'Manage Orders' and 'Orders' components in the 'Accounting' subsystem?,"There is an association relationship between 'Manage Orders' and 'Orders', allowing 'Manage Orders' to process, update, or track information about the 'Orders'."
datasett/datasetUML6.png,How does the 'ProductSearch' component interact with the 'SearchEngine' component?,"The 'ProductSearch' component interacts with the 'SearchEngine' component through aggregation, utilizing its functionality to perform and refine product searches for users."
datasett/datasetUML6.png,What subsystems are connected to 'Manage Orders' in the diagram?,"['WebStore', 'Accounts']"
datasett/datasetUML7.png,Which classes represent hospital staff?,"['Doctor', 'Nurse', 'Receptionist', 'Technician', 'Technologist']"
datasett/datasetUML7.png,How is the 'Operations Staff' entity linked to the 'Doctor' and 'Nurse' entities?,"The 'Operations Staff' entity is linked to the 'Doctor' and 'Nurse' entities through inheritance, as both Doctor and Nurse extend the Operations Staff class, indicating they share common attributes and behaviors."
datasett/datasetUML7.png,What attributes are specific to the 'Staff' class?,"The 'Staff' class includes the following specific attributes: name (string, representing the full name of the staff member), address (string, representing the residence address), phone (integer, the contact number), title (string, job title or role), and joined_date (date, the date of joining the hospital)."
datasett/datasetUML7.png,What is the cardinality of the relationship between the 'Department' and 'Staff' classes?,"The cardinality is 1-to-many, meaning each 'Department' can have multiple 'Staff' members, but each 'Staff' belongs to a single 'Department'."
datasett/datasetUML7.png,Which methods in the 'Hospital' class deal with assigning patients to doctors?,Not explicitly shown in the diagram.
datasett/datasetUML8.png,List all classes related to 'Rooms' in this diagram.,"['Rooms', 'Guest', 'Manager', 'Receptionist']"
datasett/datasetUML8.png,What attributes are defined in the 'Inventory' entity?,"The 'Inventory' entity includes attributes such as id (unique identifier for the inventory), name (string, the name of the inventory item), type (string, the type/category of the item), and status (string, indicating the current state of the inventory item)."
datasett/datasetUML8.png,Which intermediate class establishes an indirect relationship between 'Manager' and 'Chef'?,"The 'Inventory' class serves as an intermediate, connecting 'Manager' and 'Chef', likely through management and usage of resources or items."
datasett/datasetUML8.png,What is the cardinality of the 'Rooms' to 'Guest' relationship?,"The relationship is 1-to-many, meaning a single 'Room' can be associated with multiple 'Guests' during different time periods."
datasett/datasetUML8.png,Which private methods are present in the 'Manager' entity?,Not explicitly shown in the diagram.
datasett/datasetUML9.png,Which classes define the cataloging process in this system?,"['Catalog', 'Books', 'Librarian']"
datasett/datasetUML9.png,How is the 'Books' entity connected to the 'Catalog' entity (directly or via an intermediate entity)?,"The 'Books' entity is directly connected to the 'Catalog' entity, allowing the catalog to manage and list books."
datasett/datasetUML9.png,What are the attributes of the 'Librarian' entity?,"The 'Librarian' entity includes the following attributes: name (string, librarian's full name), address (string, residential or professional address), and mobile_number (integer, contact number)."
datasett/datasetUML9.png,How is the 'Alert' entity related to the 'Member' entity?,"The 'Alert' entity is related to the 'Member' entity via an association, enabling alerts such as notifications or fines to be linked to specific members."
datasett/datasetUML9.png,What public methods are available in the 'Books' class?,"['addToCatalog', 'removeFromCatalog']"
datasett/datasetUML10.png,List all vehicle-related classes in this diagram.,"['Vehicle', 'Car', 'Ship', 'Bus']"
datasett/datasetUML10.png,"What parameters are required for the method that connects the 'Driver' and 'Car' classes, and what are their data types?","{'car': 'Car object', 'driver': 'Driver object'}"
datasett/datasetUML10.png,Which intermediate class links the 'Car' and 'Ship' entities?,"The 'Vehicle' interface acts as the intermediate class linking 'Car' and 'Ship', allowing shared functionality and attributes through realization."
datasett/datasetUML10.png,What attributes are defined in the 'Human' class?,"The 'Human' class defines attributes like head (object of class Head) and body (object of class Body), which represent human structural features."
datasett/datasetUML10.png,How is the 'Vehicle' interface implemented in the 'Car' and 'Ship' classes?,"The 'Vehicle' interface is implemented via realization in both 'Car' and 'Ship' classes, providing concrete definitions for vehicle-specific methods."
datasett/datasetUML11.png,Which classes are present in the diagram?,"['Web User', 'Customer', 'Order', 'Line Item', 'Product', 'Login Information']"
datasett/datasetUML11.png,What are the attributes of the 'Product' entity?,"The 'Product' entity includes attributes such as product_id (a unique identifier for the product), product_name (the name of the product), product_description (detailed information about the product), and price (monetary cost of the product)."
datasett/datasetUML11.png,How is the 'Order' entity connected to the 'Line Item' entity (directly or indirectly)?,"The 'Order' entity is directly connected to the 'Line Item' entity, indicating that each order can have multiple line items associated with it."
datasett/datasetUML11.png,What is the cardinality relationship between 'Web User' and 'Customer' entities?,"The cardinality relationship between 'Web User' and 'Customer' is 1-to-1, where each Web User corresponds to one Customer and vice versa."
datasett/datasetUML11.png,What private methods are defined in the 'Login Information' entity?,The private methods in the 'Login Information' entity include 'validate' (used for checking the user's credentials) and 'authenticate' (for verifying login details).
datasett/datasetUML12.png,Which classes manage user registration in this system?,"['Registration Information', 'Login Information', 'User Type']"
datasett/datasetUML12.png,What are the attributes of the 'Registration Information' entity?,"The 'Registration Information' entity includes attributes such as registration_id (unique identifier), name (the full name of the user), age (user's age), gender (gender of the user), and address (home address of the user)."
datasett/datasetUML12.png,How is the 'Login Information' entity connected to the 'Login Details' entity?,"The 'Login Information' entity is connected to the 'Login Details' entity through association, allowing the login details to be associated with a specific login session."
datasett/datasetUML12.png,What methods are defined to establish a relationship between the 'User Type' and 'User' entities?,The 'User Type' and 'User' entities are connected through methods like 'create' (to create user accounts based on the user type) and 'update' (to modify user information).
datasett/datasetUML12.png,What is the relationship between the 'Department' and 'User' classes?,"The 'Department' and 'User' classes are related through an association, where each User belongs to one Department."
datasett/datasetUML13.png,Which classes are involved in the management of 'Departments'?,"['Department', 'SessionManager', 'Customer', 'Administrator']"
datasett/datasetUML13.png,What are the attributes of the 'SessionManager' entity?,"The 'SessionManager' entity includes attributes like session_id (unique identifier for a session), session_start_time (start time of the session), and session_end_time (end time of the session)."
datasett/datasetUML13.png,How is the 'Addressable' class related to the 'Department' class?,"The 'Addressable' class is related to the 'Department' class via inheritance, allowing the Department to have address-related attributes."
datasett/datasetUML13.png,What is the cardinality of the relationship between 'User' and 'Customer'?,"The cardinality between 'User' and 'Customer' is 1-to-1, indicating each User corresponds to one Customer."
datasett/datasetUML13.png,What public methods are available in the 'Product' class?,"['getProductDetails', 'updateProduct', 'deleteProduct']"
datasett/datasetUML14.png,What are the main actors involved in this system?,"['Customer', 'Admin']"
datasett/datasetUML14.png,What is the relationship between the Product and Shopping Cart classes?,"The relationship between 'Product' and 'Shopping Cart' is Aggregation, where a Shopping Cart can contain multiple Products."
datasett/datasetUML14.png,What are the primary use cases represented in this diagram?,"The primary use cases represented are: 'View Product', 'Add to Cart', 'Place Order', and 'Receive Order Confirmation'."
datasett/datasetUML14.png,How is the Order Confirmation class related to the Order class?,"The 'Order Confirmation' class is related to the 'Order' class via association, indicating that an order can result in a confirmation being sent to the customer."
datasett/datasetUML14.png,What are the classes representing shopping carts in this system?,['Shopping Cart']
datasett/datasetUML15.png,What is the first message sent by the Customer to the System?,Add item to cart
datasett/datasetUML15.png,Which actor sends the 'Payment verified' message?,Bank
datasett/datasetUML15.png,How many messages are exchanged between the Customer and the System before the order is placed?,3
datasett/datasetUML15.png,What is the last message sent by the System to the Customer?,Notify order
datasett/datasetUML15.png,"If the payment verification fails, what is the likely next step in the sequence?",Request payment details again
datasett/datasetUML16.png,What is the initial activity in this process?,Search Product
datasett/datasetUML16.png,How many decision nodes are present in the diagram?,3
datasett/datasetUML16.png,What is the final activity in the process?,Place Order
datasett/datasetUML16.png,What is the immediate successor of the 'Product Search' activity?,View Product
datasett/datasetUML16.png,If a user decides to 'Remove Product(s) from Shopping Cart' what is the subsequent activity?,Update Shopping Cart
datasett/datasetUML17.png,Which classes represent insurance claim processing in this diagram?,"['Customer File', 'Policy', 'Assessment Report', 'Insurance Claim']"
datasett/datasetUML17.png,How are the 'Person' and 'Address' classes related?,"The 'Person' and 'Address' classes are related through Aggregation, indicating that each Person may have one or more associated Addresses."
datasett/datasetUML17.png,What attributes are defined in the 'Policy' class?,"The 'Policy' class defines attributes such as policy_number (unique identifier), policy_holder_name (the holder's name), and policy_conditions (details about the policy's terms)."
datasett/datasetUML17.png,What intermediate class establishes a relationship between 'Customer File' and 'Assessment Report'?,The 'Insurance Claim' class acts as the intermediate class linking 'Customer File' and 'Assessment Report'.
datasett/datasetUML17.png,What methods are defined in the 'Insurance Claim' class for linking claims to policies?,"['addClaim', 'updateClaim', 'deleteClaim']"
datasett/datasetUML18.png,Which private classes are present in this diagram?,"['Account', 'Contacts', 'Activities']"
datasett/datasetUML18.png,How are the public classes related to one another?,"The public classes are related to one another via associations and aggregations, allowing interaction between entities such as Leads, Contacts, and Opportunities."
datasett/datasetUML18.png,"What happens if the 'Account' class is private, and how does it affect the 'Contacts' and 'Activities' classes?","If the 'Account' class is private, external classes like 'Contacts' and 'Activities' will not have direct access to its data, which limits exposure of sensitive information."
datasett/datasetUML18.png,What are the implications of making the 'Opportunity' class private?,"Making the 'Opportunity' class private restricts its access to internal components only, ensuring that only authorized entities can modify or view opportunity-related data."
datasett/datasetUML18.png,How does encapsulation improve the security of this system through the use of private classes?,"Encapsulation improves the security by restricting access to sensitive data and internal states through the use of private classes, limiting unauthorized access or modifications."
datasett/datasetUML19.png,Which classes are public in this diagram?,"['User', 'Transaction', 'Books', 'Librarian']"
datasett/datasetUML19.png,How is the 'Librarian' class related to the 'User' and 'Transaction' classes?,"The 'Librarian' class is related to the 'User' and 'Transaction' classes via association, enabling the librarian to manage user transactions like issuing and returning books."
datasett/datasetUML19.png,What attributes are present in the 'Books' class?,"The 'Books' class includes attributes like book_id (unique identifier), title (name of the book), author (name of the author), and publisher (the entity publishing the book)."
datasett/datasetUML19.png,What happens if the 'Books' class is private?,"If the 'Books' class is private, external access is restricted, and other classes will not be able to interact directly with the book data."
datasett/datasetUML19.png,What methods are defined for managing the connection between 'User' and 'Transaction' classes?,"['addTransaction', 'updateTransaction', 'deleteTransaction']"
datasett/datasetUML20.png,Which classes represent network components in this system?,"['Network', 'Node', 'Links', 'TrafficStream']"
datasett/datasetUML20.png,How is the 'TrafficStream' entity connected to the 'Node' entity?,"The 'TrafficStream' entity is connected to the 'Node' entity via an association, allowing the management and flow of traffic between nodes."
datasett/datasetUML20.png,What attributes are defined in the 'Links' entity?,"The 'Links' entity defines attributes such as name (unique identifier), origin (starting node), destination (ending node), capacity (bandwidth or throughput), and unavailability (measure of reliability)."
datasett/datasetUML20.png,What intermediate class establishes an indirect relationship between 'Network' and 'Links'?,The 'Node' class serves as the intermediate entity that connects 'Network' and 'Links' indirectly.
datasett/datasetUML20.png,What methods are available in the 'TrafficStream' class for managing connections to 'Node'?,"['addConnection', 'updateConnection', 'deleteConnection']"
